{"cameraMode":{"drawMode":0,"name":"Shaded","section":"Shading Mode"},"sceneLighting":true,"audioPlay":false,"sceneViewState":{"m_AlwaysRefresh":false,"showFog":true,"showSkybox":true,"showFlares":true,"showImageEffects":true,"showParticleSystems":true,"showVisualEffectGraphs":true,"m_FxEnabled":true},"in2DMode":false,"pivot":{"x":0.1909322738647461,"y":-0.040354251861572269,"z":-0.1036069393157959},"rotation":{"x":0.4764973819255829,"y":0.08938273787498474,"z":-0.04877201095223427,"w":0.8732600808143616},"size":3.075962543487549,"orthographic":false}